pair	traj_rmse_norm	tau_rmse_norm	omega_rmse_norm	raw_span_x	raw_span_z	span_x	span_z	raw_mean_abs_union_tau	raw_mean_abs_union_omega	mean_abs_union_tau	mean_abs_union_omega
2.0_1.5	0.203016710	0.167311111	0.433917098	5.243857019	1.601542892	5.243857019	1.601542892	11.186834636	1.195039735	11.186834636	1.195039735
2.0_1.0	0.262710481	0.157312373	0.435647342	5.243857019	1.603387327	5.243857019	1.603387327	11.258679947	1.306967909	11.258679947	1.306967909
1.5_1.0	0.122832971	0.054744146	0.296590282	3.826690313	1.603387327	3.826690313	1.603387327	11.144578029	1.345265107	11.144578029	1.345265107
