case_tag	zt	vt1	vt2	vt_norm	neg_vt2	vt_signed	duration	winner_eps_level	solve_mode	max_abs_omega2_int	max_abs_omega2_export
zt_2_0	2.0	0.000000000	0.022949068	0.022949068	-0.022949068	-0.022949068	2.983426748	strict	single	3.000303033	3.000358704
zt_1_5	1.5	0.000000000	0.144855545	0.144855545	-0.144855545	-0.144855545	2.297011639	strict	single	3.000526722	3.000863185
zt_1_0	1.0	0.000000000	0.462886001	0.462886001	-0.462886001	-0.462886001	2.151871237	strict	single	3.000702404	3.000759473
